Title,Link
buoyancy-sink or float,https://cosci.tw/run/?name=rfqJqv1522291246573
The refraction and reflection of light,https://cosci.tw/run/?name=iSdH8E1571884516748
Pendulum - Mechanical energy,https://cosci.tw/run/?name=4b7coe1621305720943
Ohm's Law: Series and Parallel Circuits,https://cosci.tw/run/?name=bSlNUK1526261821313
單擺-周期與力學能,https://cosci.tw/run/?name=Qnn3c51627438539460
Ticker-tape timer,https://cosci.tw/run/?name=VXIsFP1631921182999
施力與運動,https://cosci.tw/run/?name=2BhUw51675735869928
質心與動量守恆A-funB,https://cosci.tw/run/?name=ERIAEw1557111734068
Buoyancy-EXP,https://cosci.tw/run/?name=iVrzvH1623741503830
Coriolis force - retrieve Pikachu A,https://cosci.tw/run/?name=23dikg1553651245332
Free Fall A: Who Reaches the Ground First?,https://cosci.tw/run/?name=aQznAq1495591303922
The work-energy theorem-slingshot B,https://cosci.tw/run/?name=aU0W051634197008773
friction-Christmas gift fun,https://cosci.tw/run/?name=6JGCbx1512956058267
潮汐-地月日,https://cosci.tw/run/?name=vtXohS1668736238215
酸鹼中和-強酸強鹼(教學),https://cosci.tw/run/?name=EM0T6b1683596198802
circular motion and friction,https://cosci.tw/run/?name=ynGIbT1461565101396
projectile launcher-flat surface,https://cosci.tw/run/?name=6BTS751443059889198
Buoyancy-Archimedes' crown,https://cosci.tw/run/?name=DrtEMC1508381757772
non-elastic collision and projectile-Hfun,https://cosci.tw/run/?name=2WUKEr1483339623458
The work-energy theorem-Archer,https://cosci.tw/run/?name=PhzlN71632455566649
靜電場-電力線,https://cosci.tw/run/?name=biVmsK1530665336392
conservation of momentum-firework,https://cosci.tw/run/?name=ZRDJ351494387621513
Uniform Circular Motion – Pikachu’s mission,https://cosci.tw/run/?name=IJ6Gwb1626331637956
1D collision,https://cosci.tw/run/?name=trxBIp1466489722825
Buoyancy-giant waterlily,https://cosci.tw/run/?name=kL8xKS1642996524514
雙氧水實驗-反應速率,https://cosci.tw/run/?name=SUdssT1702968138588
光的反射遊戲,https://cosci.tw/run/?name=7A5Z5d1678257375588
Horizontal Projectile Motion: Airplane Bombing,https://cosci.tw/run/?name=yrgxC11462416167445
Thin convex lens set – microscopes and telescopes,https://cosci.tw/run/?name=AhCi931576724920734
Reflection-Image formation by mirror,https://cosci.tw/run/?name=XBpdPA1533533872207
Get wetter if you run?,https://cosci.tw/run/?name=nkmEBy1506645045034
Refraction-thin convex lens,https://cosci.tw/run/?name=NZR8s61534208656624
Exploration of Horizontal Projectile Motion,https://cosci.tw/run/?name=5HvAW21471230280549
Frictional and centripetal forces- Car rounding a curv,https://cosci.tw/run/?name=oDie2p1630036060549
雙星,https://cosci.tw/run/?name=yTcHCm1727112023336
質心與動量守恆A-探討,https://cosci.tw/run/?name=7zsftw1479866044375
bomber mission-fun,https://cosci.tw/run/?name=KAusTg1465025225265
Frictional and centripetal forces- Radius of rounding a curve,https://cosci.tw/run/?name=lrWm7F1633482367522
物品的顏色,https://cosci.tw/run/?name=1CW3ld1683252577531
resistance experiments,https://cosci.tw/run/?name=M8WAL41676427975041
Refraction-thin concave lens,https://cosci.tw/run/?name=PKsqhO1535007335504
完全彈性碰撞-二維,https://cosci.tw/run/?name=hykE3e1447137723276
Projectiles – A Game of Life and Death,https://cosci.tw/run/?name=erXG4d1488334662640
radioactive decay,https://cosci.tw/run/?name=ky29pA1642424677400
由不同角度觀察直線波前,https://cosci.tw/run/?name=uzqFLB1690515317753
Constant Velocity & Free Fall Fun,https://cosci.tw/run/?name=6vTPC71469431073040
Perfectly inelastic collision-bullet speed,https://cosci.tw/run/?name=3tJg4T1447212909081
Standing wave,https://cosci.tw/run/?name=G1vsd71480928021176
牛頓第二定律,https://cosci.tw/run/?name=bcucGk1695780985971
視重與實重,https://cosci.tw/run/?name=i2CNe11683181244753
Simple harmonic motion - Spring and uniform circular motion,https://cosci.tw/run/?name=q66rMD1450771460693
free fall-which will hit the ground first?,https://cosci.tw/run/?name=G1XFBR1490679952011
Gravity-Binary star motion and orbit,https://cosci.tw/run/?name=BrJ6wy1645777304699
逆坡而上的雙圓錐體,https://cosci.tw/run/?name=Xb1A3k1724674669798
質心與動量守恆B-fun,https://cosci.tw/run/?name=8qB9Vu1479191436748
"String wave-amplitude, frequency, and wave velocity",https://cosci.tw/run/?name=XAZyrd1603352481056
simple model of transmission A,https://cosci.tw/run/?name=AGlHno1588124081324
滑車接拋體-斜面,https://cosci.tw/run/?name=trOpda1443075450730
彈性碰撞與拋射fun,https://cosci.tw/run/?name=cdOUEX1477454264167
功能定理-施力作功,https://cosci.tw/run/?name=zubBTN1700018626076
Can You Brake in Time?,https://cosci.tw/run/?name=Blq6yG1456991598905
Pressure-Shape and density,https://cosci.tw/run/?name=zcFLzI1551239868674
Refraction of Light: Snell’s Law,https://cosci.tw/run/?name=CgKQP61511236145034
Newtonian cooling-specific heat,https://cosci.tw/run/?name=GToXWT1667956635617
酸鹼中和-強酸強鹼(基礎),https://cosci.tw/run/?name=Z4XfkV1661737630166
向心力與摩擦係數探討,https://cosci.tw/run/?name=tMrtsl1454481757849
The work-energy theorem-Archer advanced,https://cosci.tw/run/?name=Oucwhc1628565079109
Magnetism-Magnetic field produced by electric current (solenoid),https://cosci.tw/run/?name=pKFpq61564627511640
free-fall from tower of Pisa,https://cosci.tw/run/?name=quD7Nn1489973539541
Magnetic field-Magnet bar,https://cosci.tw/run/?name=q20dd71561598831554
Buoyancy-how much does the elephant weight,https://cosci.tw/run/?name=estOr31522118371975
Gravitational Force on Earth's Surface,https://cosci.tw/run/?name=Plr6hg1452128704066
Elastic Collision: Cube and Spring A,https://cosci.tw/run/?name=Bt93wH1497249129898
Electrostatic Field: Point Charges,https://cosci.tw/run/?name=qqPPXf1530496296402
which slingshot should you pick?,https://cosci.tw/run/?name=dUTRcV1507689361976
浮力探究-基礎,https://cosci.tw/run/?name=R3SSM01685413713533
力學能-水平彈簧,https://cosci.tw/run/?name=XRSmQd1520471188683
完全非彈性碰撞-一維EXP,https://cosci.tw/run/?name=5g8CFI1515985952004
Magnetism-Electric motor A,https://cosci.tw/run/?name=ChpZFc1566194730438
center of mass and circular motion-2-body system,https://cosci.tw/run/?name=3nPTax1495777740581
ramp and friction-which one goes first,https://cosci.tw/run/?name=nGCCT01513557173079
Work-energy theorem- beer-pushing game,https://cosci.tw/run/?name=CXGrH91571014803117
Moon phases and positions,https://cosci.tw/run/?name=UCOGJt1616398787658
simple sea-land breezes model-temperature difference,https://cosci.tw/run/?name=xXhLQw1544152608046
光的折射-薄凹透鏡(新增平行光模式及關閉部分光路功能),https://cosci.tw/run/?name=EECH841724648555727
波的形成,https://cosci.tw/run/?name=oNAauQ1466566467642
friction on the incline plane,https://cosci.tw/run/?name=AOCOcU1444632065934
光電效應,https://cosci.tw/run/?name=n8Vko31735563457497
Magnetic field-Magnet bar2,https://cosci.tw/run/?name=rdxEBn1646366850092
淋到多少雨探究,https://cosci.tw/run/?name=VTallz1557283614222
質心與動量守恆-fun,https://cosci.tw/run/?name=BAG6hK1463466164771
Magnetism- Law of magnetic induction-Basic,https://cosci.tw/run/?name=wGywXw1648561016524
摩擦力-牆面正向力A,https://cosci.tw/run/?name=4X3tTQ1446789125873
Elastic Collision: Cube and Spring B,https://cosci.tw/run/?name=wGTRIc1497421344369
get wetter if you run ? E,https://cosci.tw/run/?name=y70Exe1505185678599
飛機連續投彈,https://cosci.tw/run/?name=QCzp8u1444198869504
Liquid column manometer,https://cosci.tw/run/?name=U0VJgg1539652376198
質心與動量守恆-煙火fun,https://cosci.tw/run/?name=frIhm91495086054892
Refraction-where to place the net,https://cosci.tw/run/?name=tvN7iL1511917540560
get wetter if you run ? E2,https://cosci.tw/run/?name=2TM21t1509325728788
buoyancy-submarine,https://cosci.tw/run/?name=qnTUg21523322790760
Coriolis force – capture Pikachu B,https://cosci.tw/run/?name=mT4kpy1554943857558
Coriolis force - tossing a ball on a turntable,https://cosci.tw/run/?name=gbTc2M1555403742398
重力位能探討-打樁機fun,https://cosci.tw/run/?name=g0VkST1642642278204
The work-energy theorem-slingshotA,https://cosci.tw/run/?name=NAxquT1634888562812
光的折射-薄凸透鏡(增加關閉部分光路功能),https://cosci.tw/run/?name=kDatCv1724648510940
拉力與摩擦力,https://cosci.tw/run/?name=A1c31C1679879344137
等速與等加速度運動-來得急剎車嗎-1,https://cosci.tw/run/?name=AP0UD11659850721772
碰撞合作二0806,https://cosci.tw/run/?name=lLQt0t1438868993106
Friction: How Far Can It Slide,https://cosci.tw/run/?name=X8ZesJ1514868010748
燈光與顏色遊戲,https://cosci.tw/run/?name=S6ZM2I1673939403413
光的疊加,https://cosci.tw/run/?name=531W581673918848609
Buoyancy-pushing a volleyball into water,https://cosci.tw/run/?name=bT8gkt1671415616846
比熱與溫度變化(拖曳),https://cosci.tw/run/?name=48vSSh1537412804839
Projectile Motion VS Free Fall-Crack Shot,https://cosci.tw/run/?name=wkqxT61454382164948
simple model of transmission EXP,https://cosci.tw/run/?name=oQAOps1586330403413
Pressure- Communicating vessel E,https://cosci.tw/run/?name=E8aMpm1574128958863
conservation of momentum,https://cosci.tw/run/?name=Fv0yrk1462772445401
Wave-Moving point source of wave,https://cosci.tw/run/?name=V72vzN1626161391032
pendulum wave,https://cosci.tw/run/?name=ZTSa261473747827063
buoyancy-submarine fun,https://cosci.tw/run/?name=lTJH1p1523590554942
物體加入液體後的溫度變化,https://cosci.tw/run/?name=dlqmod1706454382861
Simplfied model of land and see breeze,https://cosci.tw/run/?name=DKJvSz1543971423768
elastic collsion-bouncing balls,https://cosci.tw/run/?name=boyvFs1453877322613
pendulum-wave,https://cosci.tw/run/?name=uaATOL1489368411662
單擺-兩個單擺,https://cosci.tw/run/?name=k2wyGt1628214589260
導體類型與歐姆定律,https://cosci.tw/run/?name=T3bC811700712211366
Pressure-Pascal’s principle,https://cosci.tw/run/?name=W4ZhTu1550885345644
Voltage and electron flow,https://cosci.tw/run/?name=3GhGer1637829944802
Arrive at the same time,https://cosci.tw/run/?name=ip4FAL1455671259762
耦合擺6,https://cosci.tw/run/?name=O88csw1724337225041
Density and buoyancy,https://cosci.tw/run/?name=ZI0dVX1521518337667
Buoyancy: Two Liquids,https://cosci.tw/run/?name=wf7Wog1498539843396
Transverse waves and longitudinal waves,https://cosci.tw/run/?name=l8rAwK1467001113688
單擺-週期,https://cosci.tw/run/?name=k1QWcn1452734531585
Electrostatic Field: Where Are the Charges?,https://cosci.tw/run/?name=ckGFnq1530507339624
transverse wave-wavelength and period,https://cosci.tw/run/?name=StVMbO1479368482160
Wave-Doppler effect,https://cosci.tw/run/?name=EcF4ld1552613409730
Pressure-Communicating tube,https://cosci.tw/run/?name=LD7vSe1547687548936
Magnetism- Law of magnetic induction,https://cosci.tw/run/?name=UFyc981567043317223
center of mass and conservation of momentum fun,https://cosci.tw/run/?name=rNVkFy1479867683402
Specific heat and temperature change,https://cosci.tw/run/?name=AtmJN21540784814954
Projectile Motion: Two Cannons,https://cosci.tw/run/?name=JSkoki1486970604669
projectile motion-where will it land?,https://cosci.tw/run/?name=ecz9qI1488519743772
摩擦力-牆面正向力B,https://cosci.tw/run/?name=sknce21445927500096
Centripetal Force – Path and Period of Satellites,https://cosci.tw/run/?name=axcSN41469081156263
光的反射-小紅帽任務,https://cosci.tw/run/?name=LFoP5h1681971316926
Velocity and motion of uniform acceleration,https://cosci.tw/run/?name=LN5I3e1558670600609
燈光與顏色遊戲(測驗版),https://cosci.tw/run/?name=QXAglz1688283510384
color addition and subtrction,https://cosci.tw/run/?name=ICRECe1675143763167
